{"flow_duration": {"mean": 1.9922330425443564, "std": 1.993417295246239, "q25": 0.5724592766317382, "q75": 2.759045852394856, "min": 1.1073382130878915e-05, "max": 20.977166178277745}, "Duration": {"mean": 1.9914667407368967, "std": 2.0568417456067065, "q25": 0.5927554896178987, "q75": 2.818021930597901, "min": -1.8760359499050092, "max": 20.633731230345195}, "Rate": {"mean": 138.90783446160577, "std": 155.55348705902685, "q25": 52.97548535554095, "q75": 163.39736476381455, "min": 0.208173418767744, "max": 2503.7716812899853}, "Srate": {"mean": 100.29035782872424, "std": 79.88322671456287, "q25": 43.70188893396246, "q75": 134.6684115558304, "min": 0.1051461327707484, "max": 739.6264503719734}, "fin_flag_number": {"mean": 0.5399120706573395, "std": 0.8393207382608012, "q25": 0.0, "q75": 1.0, "min": 0.0, "max": 19.588477740465603}, "syn_flag_number": {"mean": 1.00032, "std": 0.9952184216513156, "q25": 0.0, "q75": 2.0, "min": 0.0, "max": 8.0}, "rst_flag_number": {"mean": 0.3159254711098328, "std": 1.0385757813618868, "q25": 0.0, "q75": 0.0, "min": 0.0, "max": 21.717871684252984}, "psh_flag_number": {"mean": 2.00342, "std": 1.40768175911983, "q25": 1.0, "q75": 3.0, "min": 0.0, "max": 10.0}, "ack_flag_number": {"mean": 5.00504, "std": 2.2467032629857995, "q25": 3.0, "q75": 6.0, "min": 0.0, "max": 18.0}, "ece_flag_number": {"mean": 0.09904, "std": 0.3140589929631394, "q25": 0.0, "q75": 0.0, "min": 0.0, "max": 3.0}, "cwr_flag_number": {"mean": 0.09956, "std": 0.3158635809903318, "q25": 0.0, "q75": 0.0, "min": 0.0, "max": 3.0}, "ack_count": {"mean": 8.00516, "std": 2.832478390575409, "q25": 6.0, "q75": 10.0, "min": 0.0, "max": 22.0}, "syn_count": {"mean": 1.99382, "std": 1.4054683612327559, "q25": 1.0, "q75": 3.0, "min": 0.0, "max": 11.0}, "fin_count": {"mean": 0.99896, "std": 1.0020673635938973, "q25": 0.0, "q75": 2.0, "min": 0.0, "max": 7.0}, "rst_count": {"mean": 0.39918, "std": 0.6346679318097562, "q25": 0.0, "q75": 1.0, "min": 0.0, "max": 5.0}, "HTTP": {"mean": 0.29656, "std": 0.45674537625111705, "q25": 0.0, "q75": 1.0, "min": 0.0, "max": 1.0}, "HTTPS": {"mean": 0.19852, "std": 0.39888969886403075, "q25": 0.0, "q75": 0.0, "min": 0.0, "max": 1.0}, "DNS": {"mean": 0.10228, "std": 0.3030192040329462, "q25": 0.0, "q75": 0.0, "min": 0.0, "max": 1.0}, "Telnet": {"mean": 0.05066, "std": 0.2193046426561139, "q25": 0.0, "q75": 0.0, "min": 0.0, "max": 1.0}, "SMTP": {"mean": 0.05044, "std": 0.21885329409283907, "q25": 0.0, "q75": 0.0, "min": 0.0, "max": 1.0}, "SSH": {"mean": 0.09774, "std": 0.2969657491582547, "q25": 0.0, "q75": 0.0, "min": 0.0, "max": 1.0}, "IRC": {"mean": 0.02002, "std": 0.14006995392245916, "q25": 0.0, "q75": 0.0, "min": 0.0, "max": 1.0}, "TCP": {"mean": 0.59804, "std": 0.49029885402611856, "q25": 0.0, "q75": 1.0, "min": 0.0, "max": 1.0}, "UDP": {"mean": 0.30164, "std": 0.4589744258131067, "q25": 0.0, "q75": 1.0, "min": 0.0, "max": 1.0}, "DHCP": {"mean": 0.05038, "std": 0.21872999898561954, "q25": 0.0, "q75": 0.0, "min": 0.0, "max": 1.0}, "ARP": {"mean": 0.08018, "std": 0.27157437775470106, "q25": 0.0, "q75": 0.0, "min": 0.0, "max": 1.0}, "ICMP": {"mean": 0.10032, "std": 0.3004291975724981, "q25": 0.0, "q75": 0.0, "min": 0.0, "max": 1.0}, "IPv": {"mean": 1.0, "std": 0.0, "q25": 1.0, "q75": 1.0, "min": 1.0, "max": 1.0}, "LLC": {"mean": 0.02024, "std": 0.14082165676763037, "q25": 0.0, "q75": 0.0, "min": 0.0, "max": 1.0}, "Tot sum": {"mean": 1496.0823821619595, "std": 869.6902252096316, "q25": 857.7957269136199, "q75": 1949.839059292933, "min": 30.124878259096786, "max": 7575.852951747819}, "Min": {"mean": 50.20677396960496, "std": 50.35614525989769, "q25": 14.339019714807606, "q75": 69.51293702317355, "min": 0.0003194540957884, "max": 623.6171918811984}, "Max": {"mean": 2092.664169971349, "std": 1353.2677600130985, "q25": 1113.139177513543, "q75": 2743.4473947930596, "min": 30.171118888072986, "max": 12610.199888876454}, "AVG": {"mean": 1212.9844420343045, "std": 722.8497704033707, "q25": 685.0320855384286, "q75": 1576.1883736329592, "min": 36.65173415558994, "max": 6468.186843113671}, "Std": {"mean": 289.9055412806386, "std": 307.2760466218549, "q25": 81.97622967614434, "q75": 390.7534736573674, "min": 0.0024902861533017, "max": 4289.2105614356005}, "Tot size": {"mean": 1334.4927867338313, "std": 895.7446367666918, "q25": 663.3923750470757, "q75": 1808.1336109817403, "min": 12.999171807931472, "max": 7134.819350224664}, "IAT": {"mean": 0.10085570242231275, "std": 0.09960802891769442, "q25": 0.029238576985005302, "q75": 0.1400811825867646, "min": 6.412138472682721e-07, "max": 0.9664428583447882}, "Number": {"mean": 9.98566, "std": 3.1668493717098167, "q25": 8.0, "q75": 12.0, "min": 0.0, "max": 25.0}, "Magnitue": {"mean": 200.09261017724387, "std": 142.21381097090904, "q25": 96.336664399818, "q75": 268.9016040147922, "min": 1.2506296557477303, "max": 1567.8580405558869}, "Radius": {"mean": 74.94473189511784, "std": 61.03399760057116, "q25": 30.414923231450373, "q75": 102.59820465568535, "min": 0.0048034947730302, "max": 701.8589243778598}, "Covariance": {"mean": -0.0010809960061293194, "std": 0.5760726449061253, "q25": -0.49880003049515415, "q75": 0.49552786916790564, "min": -0.9999838148450884, "max": 0.9999157398761624}, "Variance": {"mean": 100.79765842335105, "std": 100.64199411003683, "q25": 28.853993749370453, "q75": 139.73020008147563, "min": 0.0011191402429382, "max": 993.3162327342336}, "Weight": {"mean": 0.9973029798399625, "std": 0.704215909438151, "q25": 0.47984053888432127, "q75": 1.3426054376252692, "min": 0.0018127779316962, "max": 7.386937342210649}}